mode_name,threshold,precision,recall,f1_action,f1_macro,fp,fn,tp,tn
Balanced mode,0.0,0.1692047377326565,1.0,0.2894356005788712,0.4571700539181598,491,0,100,409
High recall mode,0.3219346888322232,0.3474903474903475,0.9,0.5013927576601671,0.6961564641439166,169,10,90,731
