config,ngram_range,lowercase,class_weight,use_char_ngrams,precision,recall,f1_action,f1_macro
Ablation ngram unigram,"(1, 1)",True,balanced,False,0.9846938775510204,0.9698492462311558,0.9772151898734177,0.9774964838255977
Ablation ngram uni+bi,"(1, 2)",True,balanced,False,0.98,0.9849246231155779,0.9824561403508771,0.9824998906243163
Ablation add char 3-5,"(1, 2)",True,balanced,True,0.9899497487437185,0.9899497487437185,0.9899497487437185,0.9899997499937498
Ablation lowercase on,"(1, 2)",True,balanced,False,0.98,0.9849246231155779,0.9824561403508771,0.9824998906243163
Ablation preserve case,"(1, 2)",False,balanced,False,0.98,0.9849246231155779,0.9824561403508771,0.9824998906243163
Ablation class weight none,"(1, 2)",True,None,False,0.98,0.9849246231155779,0.9824561403508771,0.9824998906243163
Ablation class weight balanced,"(1, 2)",True,balanced,False,0.98,0.9849246231155779,0.9824561403508771,0.9824998906243163
