mode_name,threshold,precision,recall,f1_action,f1_macro,fp,fn,tp,tn
Balanced mode,0.0,0.46,1.0,0.6301369863013698,0.8060141671949506,27,0,23,732
High recall mode,0.07358408524916543,0.5789473684210527,0.9565217391304348,0.7213114754098361,0.8550003817501609,16,1,22,743
