mode_name,threshold,precision,recall,f1_action,f1_macro,fp,fn,tp,tn
Balanced mode,0.0,0.8080357142857143,0.9095477386934674,0.8557919621749409,0.8469941243235447,43,18,181,158
High recall mode,-0.0015137067481652833,0.8088888888888889,0.914572864321608,0.8584905660377359,0.8494580489763148,43,17,182,158
