config,ngram_range,lowercase,class_weight,use_char_ngrams,precision,recall,f1_action,f1_macro
Ablation ngram unigram,"(1, 1)",True,balanced,False,0.5516483516483517,0.9296296296296296,0.6924137931034483,0.7835312360683064
Ablation ngram uni+bi,"(1, 2)",True,balanced,False,0.5231388329979879,0.9629629629629629,0.6779661016949152,0.7678834538411248
Ablation add char 3-5,"(1, 2)",True,balanced,True,0.6018518518518519,0.9629629629629629,0.7407407407407407,0.819870925309327
Ablation lowercase on,"(1, 2)",True,balanced,False,0.5231388329979879,0.9629629629629629,0.6779661016949152,0.7678834538411248
Ablation preserve case,"(1, 2)",False,balanced,False,0.5231388329979879,0.9629629629629629,0.6779661016949152,0.7678834538411248
Ablation class weight none,"(1, 2)",True,None,False,0.44982698961937717,0.9629629629629629,0.6132075471698113,0.7075699571597849
Ablation class weight balanced,"(1, 2)",True,balanced,False,0.5231388329979879,0.9629629629629629,0.6779661016949152,0.7678834538411248
