mode_name,threshold,precision,recall,f1_action,f1_macro,fp,fn,tp,tn
Balanced mode,0.0,0.7354838709677419,0.8444444444444444,0.7862068965517242,0.8608789160513299,82,42,228,900
High recall mode,-0.5084692292275107,0.38646616541353385,0.9518518518518518,0.5497326203208556,0.6407044236084839,408,13,257,574
