mode_name,threshold,precision,recall,f1_action,f1_macro,fp,fn,tp,tn
Balanced mode,0.0,0.5,0.8,0.6153846153846154,0.6940559440559441,8,2,8,17
High recall mode,-0.11971005129596264,0.5,1.0,0.6666666666666666,0.7083333333333333,10,0,10,15
