config,ngram_range,lowercase,class_weight,use_char_ngrams,precision,recall,f1_action,f1_macro
Ablation ngram unigram,"(1, 1)",True,balanced,False,0.05379746835443038,0.7391304347826086,0.10029498525073746,0.4256576967070014
Ablation ngram uni+bi,"(1, 2)",True,balanced,False,0.04336734693877551,0.7391304347826086,0.0819277108433735,0.37516751077416716
Ablation add char 3-5,"(1, 2)",True,balanced,True,0.061016949152542375,0.782608695652174,0.11320754716981132,0.44344165480480935
Ablation lowercase on,"(1, 2)",True,balanced,False,0.04336734693877551,0.7391304347826086,0.0819277108433735,0.37516751077416716
Ablation preserve case,"(1, 2)",False,balanced,False,0.04336734693877551,0.7391304347826086,0.0819277108433735,0.37516751077416716
Ablation class weight none,"(1, 2)",True,None,False,0.04387990762124711,0.8260869565217391,0.08333333333333333,0.3530385078219013
Ablation class weight balanced,"(1, 2)",True,balanced,False,0.04336734693877551,0.7391304347826086,0.0819277108433735,0.37516751077416716
