mode_name,threshold,precision,recall,f1_action,f1_macro,fp,fn,tp,tn
Balanced mode,0.0,0.46,1.0,0.6301369863013698,0.8060141671949506,27,0,23,732
High recall mode,0.09542223675148659,0.5833333333333334,0.9130434782608695,0.711864406779661,0.850284362858269,15,2,21,744
