config,ngram_range,lowercase,class_weight,use_char_ngrams,precision,recall,f1_action,f1_macro
Ablation ngram unigram,"(1, 1)",True,balanced,False,0.9990875912408759,0.9653247134880988,0.9819160065759976,0.9559666788229901
Ablation ngram uni+bi,"(1, 2)",True,balanced,False,0.9936402180496668,0.9641492800470174,0.9786726323639076,0.9476453540828285
Ablation add char 3-5,"(1, 2)",True,balanced,True,0.9996966019417476,0.9682632970908023,0.9837289147633975,0.9601968222858243
Ablation lowercase on,"(1, 2)",True,balanced,False,0.9936402180496668,0.9641492800470174,0.9786726323639076,0.9476453540828285
Ablation preserve case,"(1, 2)",False,balanced,False,0.9936402180496668,0.9641492800470174,0.9786726323639076,0.9476453540828285
Ablation class weight none,"(1, 2)",True,None,False,0.993091018323821,0.9714957390537761,0.982174688057041,0.9555423203318381
Ablation class weight balanced,"(1, 2)",True,balanced,False,0.9936402180496668,0.9641492800470174,0.9786726323639076,0.9476453540828285
