mode_name,threshold,precision,recall,f1_action,f1_macro,fp,fn,tp,tn
Balanced mode,0.0,0.995270469997044,0.9894210990302674,0.9923371647509579,0.9802567096704606,16,36,3367,791
High recall mode,0.1441669881548834,0.9996991576413959,0.9764913311783721,0.9879589713096477,0.9700574537587814,1,80,3323,806
