config,ngram_range,lowercase,class_weight,use_char_ngrams,precision,recall,f1_action,f1_macro
Ablation ngram unigram,"(1, 1)",True,balanced,False,0.11158798283261803,0.7647058823529411,0.1947565543071161,0.5144946996670507
Ablation ngram uni+bi,"(1, 2)",True,balanced,False,0.09230769230769231,0.7058823529411765,0.16326530612244897,0.48478225936043706
Ablation add char 3-5,"(1, 2)",True,balanced,True,0.10952380952380952,0.6764705882352942,0.1885245901639344,0.5192622950819672
Ablation lowercase on,"(1, 2)",True,balanced,False,0.09230769230769231,0.7058823529411765,0.16326530612244897,0.48478225936043706
Ablation preserve case,"(1, 2)",False,balanced,False,0.09230769230769231,0.7058823529411765,0.16326530612244897,0.48478225936043706
Ablation class weight none,"(1, 2)",True,None,False,0.08992805755395683,0.7352941176470589,0.16025641025641027,0.4754956172687802
Ablation class weight balanced,"(1, 2)",True,balanced,False,0.09230769230769231,0.7058823529411765,0.16326530612244897,0.48478225936043706
