mode_name,threshold,precision,recall,f1_action,f1_macro,fp,fn,tp,tn
Balanced mode,0.0,0.4807692307692308,0.7352941176470589,0.5813953488372093,0.7785190546621771,27,9,25,721
High recall mode,-0.15,0.36231884057971014,0.7352941176470589,0.4854368932038835,0.7245801851371916,44,9,25,704
